{
  "top_5": {
    "precision": 0.72,
    "recall": 0.8,
    "f1": 0.7555555555555555
  },
  "top_10": {
    "precision": 0.76,
    "recall": 0.8,
    "f1": 0.7789473684210527
  }
}