{
  "top_5": {
    "precision": 0.7,
    "recall": 0.8,
    "f1": 0.7444444444444445
  },
  "top_10": {
    "precision": 0.74,
    "recall": 0.8,
    "f1": 0.7678362573099415
  }
}